"playername","playername2","Sackmann_playername","Sackmann_id"
" Hajek J.","hajek j","Jan Hajek","104225"
"Abdulla M.","abdulla m","Mohammed Abdulla","104558"
"Abel M.","abel m","Maximilian Abel","103948"
"Acasuso J.","acasuso j","Jose Acasuso","104076"
"Adaktusson J.","adaktusson j","Jacob Adaktusson","103623"
"Agaev E.","agaev e","Emin Agaev","103371"
"Agassi A.","agassi a","Andre Agassi","101736"
"Agenor R.","agenor r","Ronald Agenor","101086"
"Ager J.","ager j","Johannes Ager","104325"
"Agostinelli B.","agostinelli b","Bruno Agostinelli","104896"
"Aguilar J.","aguilar j","Jorge Aguilar","104477"
"Ahouda A.","ahouda a","Amine Ahouda","144760"
"Al-Alawi S.K.","al alawi s k","Sultan Khalfan","102956"
"Al Khulaifi N.G.","al khulaifi n g","Nasser Ghanim Al Khulaifi","102285"
"Al Mutawa J.","al mutawa j","Jabor Al Mutawa","106325"
"Alami K.","alami k","Karim Alami","102223"
"Albert M.","albert m","Mariano Albert Ferrando","103988"
"Albot R.","albot r","Radu Albot","105430"
"Alcaide G.","alcaide g","Guillermo Alcaide","104739"
"Aldi F.","aldi f","Francesco Aldi","103849"
"Ali Mutawa J.M.","ali mutawa j m","Jabor Al Mutawa","106325"
"Allegro Y.","allegro y","Yves Allegro","103254"
"Almagro N.","almagro n","Nicolas Almagro","104597"
"Almagro N. ","almagro n","Nicolas Almagro","104597"
"Alonso J.","alonso j","Julian Alonso","103031"
"Altamirano C.","altamirano c","Collin Altamirano","123768"
"Alund M.","alund m","Martin Alund","104651"
"Alvarez E.","alvarez e","Emilio Benfele Alvarez","102135"
"Alves T.","alves t","Thiago Alves","103999"
"Amritraj P.","amritraj p","Prakash Amritraj","104250"
"Ancic M.","ancic m","Mario Ancic","104339"
"Andersen J.","andersen j","Jan Frode Andersen","102107"
"Andersen J.F.","andersen j f","Jan Frode Andersen","102107"
"Anderson A.","anderson a","Andrew Anderson","104158"
"Anderson K.","anderson k","Kevin Anderson","104731"
"Anderson O.","anderson o","Oliver Anderson","117352"
"Andersson H.","andersson h","Henrik Andersson","102983"
"Andreev I.","andreev i","Igor Andreev","104214"
"Andreev I. ","andreev i","Igor Andreev","104214"
"Andreozzi G.","andreozzi g","Guido Andreozzi","105819"
"Androic T.","androic t","Toni Androic","105888"
"Andujar P.","andujar p","Pablo Andujar","104665"
"Aranguren J.M.","aranguren j m","Juan Martin Aranguren","104253"
"Arazi H.","arazi h","Hicham Arazi","102271"
"Arguello F.","arguello f","Facundo Arguello","106032"
"Armando H.","armando h","Hugo Armando","103204"
"Arnaboldi A.","arnaboldi a","Andrea Arnaboldi","105063"
"Arnold L.","arnold l","Lucas Arnold Ker","102463"
"Arquez P.","arquez p","Patricio Arquez","103546"
"Arthurs W.","arthurs w","Wayne Arthurs","101885"
"Arvidsson I.","arvidsson i","Isak Arvidsson","106035"
"Ascione A.","ascione a","Thierry Ascione","103693"
"Ascione T.","ascione t","Thierry Ascione","103693"
"Auckland J.","auckland j","James Auckland","103538"
"Authom M.","authom m","Maxime Authom","104893"
"Awadhy O.","awadhy o","Omar Awadhy","103914"
"Ayala D.","ayala d","Diego Ayala","103363"
"Azzaro L.","azzaro l","Leonardo Azzaro","103209"
"Baccanello P.","baccanello p","Paul Baccanello","103385"
"Bachelot J.F","bachelot j f","Jean Francois Bachelot","103003"
"Bachinger M.","bachinger m","Matthias Bachinger","104897"
"Baghdatis M.","baghdatis m","Marcos Baghdatis","104571"
"Bagnis F.","bagnis f","Facundo Bagnis","105487"
"Bai Y.","bai y","Yan Bai","105339"
"Baker B.","baker b","Brian Baker","104548"
"Baker J.","baker j","Jamie Baker","104779"
"Balazs A.","balazs a","Attila Balazs","105226"
"Balcells J.","balcells j","Juan Balcells","102607"
"Ball C.","ball c","Carsten Ball","104958"
"Balleret B.","balleret b","Benjamin Balleret","104112"
"Baluda V.","baluda v","Victor Baluda","106066"
"Barrere G.","barrere g","Gregoire Barrere","106296"
"Barrientos N.","barrientos n","Nicolas Barrientos","104905"
"Barton M.","barton m","Matthew Barton","105881"
"Basic M.","basic m","Mirza Basic","105806"
"Basilashvili N.","basilashvili n","Nikoloz Basilashvili","105932"
"Bastl G.","bastl g","George Bastl","102567"
"Bautista Agut R.","bautista agut r","Roberto Bautista Agut","105138"
"Bautista R.","bautista r","Roberto Bautista Agut","105138"
"Bautista R. ","bautista r","Roberto Bautista Agut","105138"
"Beck A.","beck a","Andreas Beck","104676"
"Beck A. ","beck a","Andreas Beck","104676"
"Beck K.","beck k","Karol Beck","103971"
"Becker B.","becker b","Benjamin Becker","103794"
"Becker B. ","becker b","Benjamin Becker","103794"
"Bedene A.","bedene a","Aljaz Bedene","105379"
"Behr N.","behr n","Noam Behr","102669"
"Behrend T.","behrend t","Tomas Behrend","102494"
"Behrmann M.","behrmann m","Matthew Behrmann","103609"
"Belal C.","belal c","Chemseddine Belal","103068"
"Belic L.","belic l","Luka Belic","105231"
"Bellier A.","bellier a","Antoine Bellier","134472"
"Bellucci T.","bellucci t","Thomaz Bellucci","105064"
"Belyaev I.","belyaev i","Ilya Belyaev","105609"
"Bemelmans R.","bemelmans r","Ruben Bemelmans","105074"
"Benneteau J.","benneteau j","Julien Benneteau","103898"
"Benneteau J. ","benneteau j","Julien Benneteau","103898"
"Berankis R.","berankis r","Ricardas Berankis","105575"
"Berasategui A.","berasategui a","Alberto Berasategui","102238"
"Berdych T.","berdych t","Tomas Berdych","104607"
"Berdych T. ","berdych t","Tomas Berdych","104607"
"Berlocq C.","berlocq c","Carlos Berlocq","104122"
"Berrer M.","berrer m","Michael Berrer","103582"
"Berta D.","berta d","Daniel Berta","106090"
"Bester P.","bester p","Philip Bester","105229"
"Betov S.","betov s","Sergey Betov","105029"
"Bhambri Y.","bhambri y","Yuki Bhambri","106026"
"Bhupathi M.","bhupathi m","Mahesh Bhupathi","102405"
"Biryukov M.","biryukov m","Mikhail Biryukov","105987"
"Bjorkman J.","bjorkman j","Jonas Bjorkman","102035"
"Black B.","black b","Byron Black","101647"
"Black W.","black w","Wayne Black","102286"
"Blake J.","blake j","James Blake","103484"
"Blake J. ","blake j","James Blake","103484"
"Blake T.","blake t","Thomas Blake","102902"
"Blanco G.","blanco g","Galo Blanco","102869"
"Bloomfield R.","bloomfield r","Richard Bloomfield","104171"
"Boeker M.","boeker m","Matias Boeker","103663"
"Bogaerts R.","bogaerts r","Romain Bogaerts","122279"
"Bogdanovic A.","bogdanovic a","Alex Bogdanovic","104372"
"Bogomolov A.","bogomolov a","Alex Bogomolov Jr","104166"
"Bogomolov Jr. A.","bogomolov jr a","Alex Bogomolov Jr","104166"
"Bogomolov Jr.A.","bogomolov jr a","Alex Bogomolov Jr","104166"
"Bohaboy D.","bohaboy d","Doug Bohaboy","102865"
"Bohane A.","bohane a","Adrian Bohane","103847"
"Bohli S.","bohli s","Stephane Bohli","104219"
"Bohli S. ","bohli s","Stephane Bohli","104219"
"Bolelli S.","bolelli s","Simone Bolelli","104620"
"Bolelli S. ","bolelli s","Simone Bolelli","104620"
"Bolt A.","bolt a","Alex Bolt","106109"
"Bopanna R.","bopanna r","Rohan Bopanna","103523"
"Boruszewski J.","boruszewski j","Jan Boruszewski","103061"
"Borvanov R.","borvanov r","Roman Borvanov","103969"
"Bossel A.","bossel a","Adrien Bossel","104847"
"Bourgeois L.","bourgeois l","Luke Bourgeois","102945"
"Bourgue M.","bourgue m","Mathias Bourgue","106288"
"Boutter J.","boutter j","Julien Boutter","102369"
"Bower J.","bower j","Justin Bower","103198"
"Bowles C.","bowles c","Clint Bowles","108997"
"Bozic I.","bozic i","Iztok Bozic","101970"
"Bozoljac I.","bozoljac i","Ilija Bozoljac","104592"
"Braasch K.","braasch k","Karsten Braasch","101373"
"Bracciali D.","bracciali d","Daniele Bracciali","103110"
"Braga P.","braga p","Pedro Braga","102545"
"Brands D.","brands d","Daniel Brands","104978"
"Brasington J.","brasington j","Jack Brasington","102855"
"Breen M.","breen m","Matthew Breen","102805"
"Britton D.","britton d","Devin Britton","105730"
"Brizzi A.","brizzi a","Alberto Brizzi","104334"
"Broady L.","broady l","Liam Broady","106281"
"Brown D.","brown d","Dustin Brown","104460"
"Browne F.","browne f","Federico Browne","102768"
"Bruguera S.","bruguera s","Sergi Bruguera","101843"
"Brugues-Davi A.","brugues davi a","Arnau Brugues Davi","104516"
"Bryan B.","bryan b","Bob Bryan","103184"
"Bryan M.","bryan m","Mike Bryan","103185"
"Brzezicki J.P.","brzezicki j p","Juan Pablo Brzezicki","103976"
"Bubka S.","bubka s","Sergei Bubka","104869"
"Bublik A.","bublik a","Alexander Bublik","122330"
"Buchanan C.","buchanan c","Chase Buchanan","105783"
"Burgsmuller L.","burgsmuller l","Lars Burgsmuller","102694"
"Burniol G.","burniol g","Guillem Burniol","104228"
"Burquier G.","burquier g","Gregoire Burquier","104393"
"Burrieza O.","burrieza o","Oscar Burrieza","102629"
"Cabal J.S.","cabal j s","Juan Sebastian Cabal","108701"
"Cabello F.","cabello f","Francisco Cabello","102145"
"Cachin P.","cachin p","Pedro Cachin","106398"
"Cacic N.","cacic n","Nikola Cacic","105677"
"Cadart R.","cadart r","Rodolphe Cadart","103250"
"Cakl T.","cakl t","Tomas Cakl","103761"
"Calatrava A.","calatrava a","Alex Calatrava","102231"
"Caldwell D.","caldwell d","David Caldwell","102410"
"Calleri A.","calleri a","Agustin Calleri","102860"
"Canas G.","canas g","Guillermo Canas","103084"
"Capalik K.","capalik k","Kristian Capalik","103270"
"Capdeville P.","capdeville p","Paul Capdeville","104154"
"Caratti C.","caratti c","Cristiano Caratti","101750"
"Carballes Baena R.","carballes baena r","Roberto Carballes Baena","106148"
"Carlsen K.","carlsen k","Kenneth Carlsen","102202"
"Carlson A.","carlson a","Andrew Carlson","103037"
"Carraz G.","carraz g","Gregory Carraz","102571"
"Carreno-Busta P.","carreno busta p","Pablo Carreno Busta","105807"
"Carreno Busta P.","carreno busta p","Pablo Carreno Busta","105807"
"Carretero R.","carretero r","Roberto Carretero","102650"
"Caruso S.","caruso s","Salvatore Caruso","106099"
"Cecchinato M.","cecchinato m","Marco Cecchinato","106065"
"Cermak F.","cermak f","Frantisek Cermak","102886"
"Cervantes I.","cervantes i","Inigo Cervantes Huegun","105438"
"Cervenak P.","cervenak p","Pavol Cervenak","104965"
"Chadaj A.","chadaj a","Adam Chadaj","104360"
"Chaen T.","chaen t","Tetsuya Chaen","102282"
"Chaki R.","chaki r","Rabie Chaki","103978"
"Chang M.","chang m","Michael Chang","102021"
"Chardy J.","chardy j","Jeremy Chardy","104871"
"Chardy J. ","chardy j","Jeremy Chardy","104871"
"Charpentier M.","charpentier m","Marcelo Charpentier","102243"
"Chela J.","chela j","Juan Ignacio Chela","103428"
"Chela J.I.","chela j","Juan Ignacio Chela","103428"
"Chen T.","chen t","Ti Chen","104251"
"Cherkasov A.","cherkasov a","Andrei Cherkasov","101772"
"Childs L.","childs l","Lee Childs","104014"
"Chiudinelli M.","chiudinelli m","Marco Chiudinelli","103843"
"Chiudinelli M. ","chiudinelli m","Marco Chiudinelli","103843"
"Choinski J.","choinski j","Jan Choinski","123828"
"Chung H.","chung h","Hyeon Chung","111202"
"Chvojka E.","chvojka e","Erik Chvojka","104820"
"Cilic M.","cilic m","Marin Cilic","105227"
"Cilic M. ","cilic m","Marin Cilic","105227"
"Ciorcila P.","ciorcila p","Patrick Ciorcila","106430"
"Cipolla F.","cipolla f","Flavio Cipolla","104262"
"Clavet F.","clavet f","Francisco Clavet","101532"
"Clayton A.","clayton a","Alex Clayton","105048"
"Clemens T.","clemens t","Tobias Clemens","103424"
"Clement A.","clement a","Arnaud Clement","103096"
"Clezar G.","clezar g","Guilherme Clezar","106105"
"Cobolli S.","cobolli s","Stefano Cobolli","102944"
"Coetzee J.","coetzee j","Jeff Coetzee","102979"
"Condor F.","condor f","Frank Condor","104284"
"Cook L.","cook l","Lester Cook","104355"
"Copil M.","copil m","Marius Copil","105657"
"Coppejans K.","coppejans k","Kimmer Coppejans","106293"
"Coria G.","coria g","Guillermo Coria","103909"
"Coric B.","coric b","Borna Coric","106432"
"Corretja A.","corretja a","Alex Corretja","102374"
"Corrie E.","corrie e","Edward Corrie","105100"
"Cortes J.","cortes j","Jaime Cortes","101167"
"Costa A.","costa a","Albert Costa","102610"
"Costa F.","costa f","Francisco Costa","102239"
"Courier J.","courier j","Jim Courier","101793"
"Coutelot N.","coutelot n","Nicolas Coutelot","102934"
"Couto E.","couto e","Emanuel Couto","102250"
"Cowan B.","cowan b","Barry Cowan","102443"
"Cox D.","cox d","Daniel Cox","105638"
"Crabb J.","crabb j","Jaymon Crabb","103154"
"Craca M.","craca m","Marcello Craca","102472"
"Crivoi V.","crivoi v","Victor Crivoi","104003"
"Cruciat A.","cruciat a","Adrian Cruciat","104149"
"Crugnola M.","crugnola m","Marco Crugnola","104192"
"Cuadrado C.","cuadrado c","Carlos Cuadrado","104196"
"Cuevas P.","cuevas p","Pablo Cuevas","104655"
"Cuevas P. ","cuevas p","Pablo Cuevas","104655"
"Dabrowski B.","dabrowski b","Bartlomiej Dabrowski","102100"
"Dabul B.","dabul b","Brian Dabul","104314"
"Dailey Z.","dailey z","Zach Dailey","103878"
"Damm M.","damm m","Martin Damm","102093"
"Dancevic F.","dancevic f","Frank Dancevic","104433"
"Daniel M.","daniel m","Marcos Daniel","103228"
"Daniel T.","daniel t","Taro Daniel","106121"
"Darcis S.","darcis s","Steve Darcis","104327"
"Dasnieres de Veigy J.","dasnieres de veigy j","Jonathan Dasnieres De Veigy","104850"
"Davletshin V.","davletshin v","Vadim Davletshin","104439"
"Davydenko N.","davydenko n","Nikolay Davydenko","103786"
"Davydenko N. ","davydenko n","Nikolay Davydenko","103786"
"Davydenko P.","davydenko p","Philip Davydenko","106053"
"De Bakker T.","de bakker t","Thiemo De Bakker","105217"
"de Chaunac S.","de chaunac s","Sebastien De Chaunac","103063"
"De Chaunac S.","de chaunac s","Sebastien De Chaunac","103063"
"De Greef A.","de greef a","Arthur De Greef","105963"
"De Heart R.","deheart r","Ryler Deheart","104281"
"De Loore J.","de loore j","Joris De Loore","106167"
"De Paula F.","de paula f","Fabiano De Paula","105245"
"De Schepper K.","de schepper k","Kenny De Schepper","104932"
"de Voest R.","de voest r","Rik De Voest","103573"
"De Voest R.","de voest r","Rik De Voest","103573"
"Decoud S.","decoud s","Sebastian Decoud","103850"
"Deen Heshaam A.","deen heshaam a","Ariez Elyaas Deen Heshaam","106277"
"Deheart R.","deheart r","Ryler Deheart","104281"
"Del Bonis F.","delbonis f","Federico Delbonis","105643"
"Del Potro J.","del potro j","Juan Martin Del Potro","105223"
"Del Potro J.M.","del potro j","Juan Martin Del Potro","105223"
"Delbonis F.","delbonis f","Federico Delbonis","105643"
"Delfino M.","delfino m","Mariano Delfino","103052"
"Delgado J.","delgado j","Jamie Delgado","102965"
"Delgado R.","delgado r","Ramon Delgado","102887"
"Delic A.","delic a","Amer Delic","104025"
"Delic M.","delic m","Mate Delic","106243"
"Dell'Acqua M.","dellacqua m","Massimo Dellacqua","103435"
"Demoliner M.","demoliner m","Marcelo Demoliner","105269"
"Dent T.","dent t","Taylor Dent","103758"
"Derepasko A.","derepasko a","Artem Derepasko","103497"
"Desein N.","desein n","Niels Desein","104944"
"Dev Varman S.","devvarman s","Somdev Devvarman","104500"
"Devilder N.","devilder n","Nicolas Devilder","103534"
"Devvarman S.","devvarman s","Somdev Devvarman","104500"
"Dewulf F.","dewulf f","Filip Dewulf","102029"
"di Mauro A.","di mauro a","Alessio Di Mauro","103035"
"Di Mauro A.","di mauro a","Alessio Di Mauro","103035"
"di Pasquale A.","di pasquale a","Arnaud Di Pasquale","103324"
"Di Pasquale A.","di pasquale a","Arnaud Di Pasquale","103324"
"Diaz J.","diaz j","Jacobo Diaz","102831"
"Diez S.","diez s","Steven Diez","105731"
"Dimitrov G.","dimitrov g","Grigor Dimitrov","105777"
"Djere L.","djere l","Laslo Djere","111513"
"Djokovic M.","djokovic m","Marko Djokovic","105831"
"Djokovic N.","djokovic n","Novak Djokovic","104925"
"Djokovic N. ","djokovic n","Novak Djokovic","104925"
"Dlouhy L.","dlouhy l","Lukas Dlouhy","104160"
"Do M.Q.","do m q","Minh Quan Do","104283"
"Dodig I.","dodig i","Ivan Dodig","104471"
"Dolgopolov A.","dolgopolov a","Alexandr Dolgopolov","105238"
"Dolgopolov O.","dolgopolov o","Alexandr Dolgopolov","105238"
"Donaldson J.","donaldson j","Jared Donaldson","111577"
"Donati M.","donati m","Matteo Donati","106390"
"Donskoy E.","donskoy e","Evgeny Donskoy","105539"
"Dorsch B.","dorsch b","Benedikt Dorsch","103684"
"Dosedel S.","dosedel s","Slava Dosedel","101792"
"Draper S.","draper s","Scott Draper","102401"
"Dreekmann H.","dreekmann h","Hendrik Dreekmann","102521"
"Duckworth J.","duckworth j","James Duckworth","105902"
"Duclos P.L.","duclos p l","Pierre Ludovic Duclos","104661"
"Dupre T.","dupre t","Thomas Dupre","102406"
"Dupuis A.","dupuis a","Antony Dupuis","102179"
"Durek R.","durek r","Raphael Durek","104295"
"Dustov F.","dustov f","Farrukh Dustov","104736"
"Dutra Silva R.","dutra silva r","Rogerio Dutra Silva","104297"
"Dzumhur D.","dzumhur d","Damir Dzumhur","106000"
"Eagle J.","eagle j","Joshua Eagle","102215"
"Eaton C.","eaton c","Chris Eaton","105052"
"Ebden M.","ebden m","Matthew Ebden","105051"
"Ebelthite C.","ebelthite c","Colin Ebelthite","104456"
"Echagaray B.","echagaray b","Bruno Echagaray","104179"
"Economidis K.","economidis k","Konstantinos Economidis","103077"
"Edmund K.","edmund k","Kyle Edmund","106378"
"Ehrat S.","ehrat s","Sandro Ehrat","105757"
"Eitzinger R.","eitzinger r","Rainer Eitzinger","104209"
"El Aarej M.","el aarej m","Mounir El Aarej","103007"
"El Amrani R.","el amrani r","Reda El Amrani","105149"
"El Aynaoui Y.","el aynaoui y","Younes El Aynaoui","101962"
"Eleskovic E.","eleskovic e","Ervin Eleskovic","104914"
"Elgin M.","elgin m","Michail Elgin","103862"
"Elgin M.","elgin m","Mikhail Elgin","103863"
"Elias G.","elias g","Gastao Elias","105671"
"Ellwood B.","ellwood b","Ben Ellwood","102743"
"Elseneer G.","elseneer g","Gilles Elseneer","103153"
"Elsner D.","elsner d","Daniel Elsner","103305"
"Emmrich M.","emmrich m","Martin Emmrich","104465"
"Enqvist T.","enqvist t","Thomas Enqvist","102358"
"Eriksson M.","eriksson m","Markus Eriksson","105436"
"Erlich J.","erlich j","Jonathan Erlich","102968"
"Eschauer W.","eschauer w","Werner Eschauer","102381"
"Escobar G.","escobar g","Gonzalo Escobar","105271"
"Escobedo E.","escobedo e","Ernesto Escobedo","124014"
"Escude N.","escude n","Nicolas Escude","102765"
"Estrella Burgos V.","estrella v","Victor Estrella","103607"
"Estrella V.","estrella v","Victor Estrella","103607"
"Etlis G.","etlis g","Gaston Etlis","102477"
"Eubanks C.","eubanks c","Christopher Eubanks","111153"
"Evans B.","evans b","Brendan Evans","104717"
"Evans D.","evans d","Daniel Evans","105554"
"Eysseric J.","eysseric j","Jonathan Eysseric","105559"
"Fabbiano T.","fabbiano t","Thomas Fabbiano","105341"
"Fahlke A.","fahlke a","Andy Fahlke","103381"
"Falla A.","falla a","Alejandro Falla","104268"
"Falla A. ","falla a","Alejandro Falla","104268"
"Farah R.","farah r","Robert Farah","104857"
"Fasching A.","fasching a","Andreas Fasching","103677"
"Faurel J.C.","faurel j c","Jean Christophe Faurel","103726"
"Federer R.","federer r","Roger Federer","103819"
"Federer R. ","federer r","Roger Federer","103819"
"Ferreira W.","ferreira w","Wayne Ferreira","101965"
"Ferreiro F.","ferreiro f","Franco Ferreiro","104392"
"Ferrer D.","ferrer d","David Ferrer","103970"
"Ferrer D. ","ferrer d","David Ferrer","103970"
"Ferrero J.","ferrero j","Juan Carlos Ferrero","103507"
"Ferrero J.C.","ferrero j c","Juan Carlos Ferrero","103507"
"Ferrero J.C. ","ferrero j c","Juan Carlos Ferrero","103507"
"Fidirko N.","fidirko n","Nikolai Fidirko","104953"
"Filippini M.","filippini m","Marcelo Filippini","101382"
"Fischer M.","fischer m","Martin Fischer","104770"
"Fish M.","fish m","Mardy Fish","103888"
"Fitz S.","fitz s","Sebastian Fitz","103422"
"Flanagan I.","flanagan i","Ian Flanagan","103913"
"Fleischfresser T.","fleischfresser t","Timo Fleischfresser","103348"
"Fleishman Z.","fleishman z","Zack Fleishman","103530"
"Fleming C.","fleming c","Colin Fleming","104415"
"Flygt K.","flygt k","Kalle Flygt","102808"
"Fognini F.","fognini f","Fabio Fognini","104926"
"Fogues F.","fogues f","Francisco Fogues","103032"
"Fornell M.","fornell m","Marc Fornell Mestres","103924"
"Fraile G.","fraile g","Gorka Fraile","103165"
"Fratangelo B.","fratangelo b","Bjorn Fratangelo","106216"
"Freelove O.","freelove o","Oliver Freelove","102948"
"Friedl L.","friedl l","Leos Friedl","102904"
"Fritz T.","fritz t","Taylor Harry Fritz","126203"
"Froberg J.","froberg j","Jonas Froberg","103751"
"Fromberg R.","fromberg r","Richard Fromberg","101735"
"Fruttero J.P.","fruttero j p","John Paul Fruttero","103762"
"Fucsovics M.","fucsovics m","Marton Fucsovics","105916"
"Fukarek O.","fukarek o","Ota Fukarek","102921"
"Furlan R.","furlan r","Renzo Furlan","101746"
"Fyrstenberg M.","fyrstenberg m","Mariusz Fyrstenberg","103586"
"Gabashvili T.","gabashvili t","Teymuraz Gabashvili","104559"
"Gaio F.","gaio f","Federico Gaio","105943"
"Galan D.E.","galan d e","Daniel Elahi Galan Riveros","123755"
"Galdon P.","galdon p","Pablo Galdon","104640"
"Galimberti G.","galimberti g","Giorgio Galimberti","102851"
"Gallardo M.","gallardo m","Miguel Gallardo Valles","103746"
"Gallardo Valles M.","gallardo m","Miguel Gallardo Valles","103746"
"Galovic V.","galovic v","Viktor Galovic","105634"
"Galvani S.","galvani s","Stefano Galvani","102999"
"Gambill J. M.","gambill j m","Jan Michael Gambill","102998"
"Gambill J.M.","gambill j m","Jan Michael Gambill","102998"
"Gamonal H.","gamonal h","Hermes Gamonal","102997"
"Gao X.","gao x","Xin Gao","106321"
"Garcia-Lopez G.","garcia lopez g","Guillermo Garcia Lopez","104198"
"Garcia-Lopez G. ","garcia lopez g","Guillermo Garcia Lopez","104198"
"Garcia-Sintes J.","garcia sintes j","Javier Garcia Sintes","103365"
"Garcia A.","garcia a","Adrian Garcia","103201"
"Garcia M.","garcia m","Martin Garcia","102984"
"Gard C.","gard c","Catalin Gard","103805"
"Garin C.","garin c","Christian Garin","106426"
"Garza D.","garza d","Daniel Garza","104535"
"Gasquet R.","gasquet r","Richard Gasquet","104755"
"Gasquet R. ","gasquet r","Richard Gasquet","104755"
"Gaudenzi A.","gaudenzi a","Andrea Gaudenzi","102247"
"Gaudi I.","gaudi i","Igor Gaudi","102572"
"Gaudio G.","gaudio g","Gaston Gaudio","103292"
"Gensse A.","gensse a","Augustin Gensse","104227"
"Gerasimov E.","gerasimov e","Egor Gerasimov","106078"
"Ghedin R.","ghedin r","Riccardo Ghedin","104644"
"Ghem A.","ghem a","Andre Ghem","104007"
"Giannessi A.","giannessi a","Alessandro Giannessi","105561"
"Gicquel M.","gicquel m","Marc Gicquel","102967"
"Gigounon G.","gigounon g","Germain Gigounon","105325"
"Gil F.","gil f","Frederico Gil","104523"
"Gimelstob J.","gimelstob j","Justin Gimelstob","102925"
"Gimeno-Traver D.","gimeno traver d","Daniel Gimeno Traver","104593"
"Gimeno-Traver D. ","gimeno traver d","Daniel Gimeno Traver","104593"
"Gimeno D.","gimeno d","Daniel Gimeno Traver","104593"
"Ginepri R.","ginepri r","Robby Ginepri","104068"
"Giner J.","giner j","Juan Giner","103242"
"Giraldo S.","giraldo s","Santiago Giraldo","105053"
"Giron M.","giron m","Marcos Giron","106218"
"Giustino L.","giustino l","Lorenzo Giustino","105841"
"Godwin N.","godwin n","Neville Godwin","102524"
"Goellner M.K.","goellner m k","Marc Kevin Goellner","101806"
"Goffin D.","goffin d","David Goffin","105676"
"Gojowczyk P.","gojowczyk p","Peter Gojowczyk","105376"
"Golding O.","golding o","Oliver Golding","106244"
"Goldstein P.","goldstein p","Paul Goldstein","102834"
"Golmard J.","golmard j","Jerome Golmard","102259"
"Golovanov D.","golovanov d","Denis Golovanov","103350"
"Golubev A.","golubev a","Andrey Golubev","104979"
"Gombos N.","gombos n","Norbert Gombos","105613"
"Gomez-Herrera C.","gomez herrera c","Carlos Gomez Herrera","105529"
"Gomez A.","gomez a","Alejandro Gomez GB42","105826"
"Gomez E.","gomez e","Emilio Gomez","105877"
"Gomez L.","gomez l","Lucas Gomez","106412"
"Gong M.X.","gong m x","Mao Xin Gong","105001"
"Gonzalez A.","gonzalez a","Alejandro Gonzalez","105292"
"Gonzalez F.","gonzalez f","Fernando Gonzalez","103602"
"Gonzalez F. ","gonzalez f","Fernando Gonzalez","103602"
"Gonzalez M.","gonzalez m","Maximo Gonzalez","104216"
"Gonzalez P.","gonzalez p","Pablo Gonzalez","104027"
"Gonzalez S.","gonzalez s","Santiago Gonzalez","104136"
"Goodall J.","goodall j","Joshua Goodall","104624"
"Goodall J.","goodall j","Josh Goodall","104623"
"Gooding J.","gooding j","Jay Gooding","102789"
"Goransson T.","goransson t","Tim Goransson","105131"
"Granollers-Pujol G.","granollers pujol g","Gerard Granollers","105283"
"Granollers-Pujol M.","granollers m","Marcel Granollers","104719"
"Granollers G.","granollers pujol g","Gerard Granollers","105283"
"Granollers M.","granollers m","Marcel Granollers","104719"
"Granollers M. ","granollers m","Marcel Granollers","104719"
"Granollers Pujol G.","granollers pujol g","Gerard Granollers","105283"
"Gregorc L.","gregorc l","Luka Gregorc","104305"
"Gremelmayr D.","gremelmayr d","Denis Gremelmayr","103823"
"Greul S.","greul s","Simon Greul","103752"
"Greul S. ","greul s","Simon Greul","103752"
"Grigelis L.","grigelis l","Laurynas Grigelis","105827"
"Grosjean S.","grosjean s","Sebastien Grosjean","103206"
"Gross O.","gross o","Oliver Gross","102234"
"Groth S.","groth s","Samuel Groth","105032"
"Gruber K.","gruber k","Konstantin Don Gruber","103460"
"Guardiola T.","guardiola t","Thierry Guardiola","101945"
"Guccione C.","guccione c","Chris Guccione","104589"
"Guez D.","guez d","David Guez","104095"
"Gulbis E.","gulbis e","Ernests Gulbis","105208"
"Gumy H.","gumy h","Hernan Gumy","102024"
"Gustafsson M.","gustafsson m","Magnus Gustafsson","101320"
"Gutierrez-Ferrol S.","gutierrez ferrol s","Sergio Gutierrez Ferrol","105300"
"Guzman J.","guzman j","Juan Pablo Guzman","103700"
"Guzman J.P.","guzman j p","Juan Pablo Guzman","103700"
"Haas T.","haas t","Tommy Haas","103163"
"Haase R.","haase r","Robin Haase","104898"
"Hadad A.","hadad a","Amir Hadad","103145"
"Hadad M.","hadad m","Mauricio Hadad","101991"
"Haehnel J.","haehnel j","Jerome Haehnel","103592"
"Haider-Mauer A.","haider maurer a","Andreas Haider Maurer","104890"
"Haider-Maurer A.","haider maurer a","Andreas Haider Maurer","104890"
"Hajek J.","hajek j","Jan Hajek","104225"
"Haji A.","hajji a","Abdulla Hajji","108993"
"Hajji A.","hajji a","Abdulla Hajji","108993"
"Halys Q.","halys q","Quentin Halys","111460"
"Hamou M.","hamou m","Maxime Hamou","111506"
"Hanescu V.","hanescu v","Victor Hanescu","103812"
"Hanescu V. ","hanescu v","Victor Hanescu","103812"
"Hank T.","hank t","Tigre Hank","105853"
"Hanley P.","hanley p","Paul Hanley","103080"
"Hantschek M.","hantschk m","Markus Hantschk","103082"
"Hantschk M.","hantschk m","Markus Hantschk","103082"
"Harboe P.","harboe p","Phillip Harboe","104037"
"Harper-Griffith L.","harper griffith l","Levar Harper Griffith","103834"
"Harrison C.","harrison c","Christian Harrison","106328"
"Harrison R.","harrison r","Ryan Harrison","105992"
"Harsanyi P.","harsanyi p","Paul Harsanyi","102502"
"Hartfield D.","hartfield d","Diego Hartfield","103701"
"Healey N.","healey n","Nathan Healey","103516"
"Hellstrom M.","hellstrom m","Mathias Hellstrom","103149"
"Hemery C.","hemery c","Calvin Hemery","123921"
"Hemmes F.","hemmes f","Fred Hemmes","103699"
"Henman T.","henman t","Tim Henman","102450"
"Henry R.","henry r","Ryan Henry","104444"
"Herbert P-H.","herbert p h","Pierre Hugues Herbert","105732"
"Herbert P.H","herbert p h","Pierre Hugues Herbert","105732"
"Herbert P.H.","herbert p h","Pierre Hugues Herbert","105732"
"Herm-Zahlava J.","herm zahlava j","Jakub Herm Zahlava","103564"
"Hernandez A.","hernandez a","Alejandro Hernandez","103060"
"Hernandez O.","hernandez o","Oscar Hernandez","103169"
"Hernandez O. ","hernandez o","Oscar Hernandez","103169"
"Hernych J.","hernych j","Jan Hernych","103401"
"Hernych J. ","hernych j","Jan Hernych","103401"
"Heuberger I.","heuberger i","Ivo Heuberger","102730"
"Hewitt L.","hewitt l","Lleyton Hewitt","103720"
"Hill M.","hill m","Michael Hill","102422"
"Hilton M.","hilton m","Mark Hilton","103754"
"Hipfl M.","hipfl m","Markus Hipfl","103182"
"Hippensteel K.","hippensteel k","KJ Hippensteel","103560"
"Hirigoyen I.","hirigoyen i","Ignacio Hirigoyen","102715"
"Hocevar R.","hocevar r","Ricardo Hocevar","104550"
"Hood M.","hood m","Mariano Hood","102251"
"Hormazabal G.","hormazabal g","Guillermo Hormazabal","104503"
"Horna L.","horna l","Luis Horna","103632"
"Hossam K.","hossam k","Karim Hossam","111444"
"Hrbaty D.","hrbaty d","Dominik Hrbaty","103103"
"Huet S.","huet s","Stephane Huet","101902"
"Hui J.","hui j","John Hui","103102"
"Humphries S.","humphries s","Scott Humphries","102795"
"Huta Galung J.","huta galung j","Jesse Huta Galung","104619"
"Hutchins R.","hutchins r","Ross Hutchins","104504"
"Ianni S.","ianni s","Stefano Ianni","103702"
"Idmbarek Y.","idmbarek y","Yassine Idmbarek","104839"
"Ignatik U.","ignatik u","Uladzimir Ignatik","105590"
"Ilhan M.","ilhan m","Marsel Ilhan","104947"
"Ilie A.","ilie a","Andrew Ilie","102776"
"Ilkel C.","ilkel c","Cem Ilkel","117356"
"Im K.T.","im k t","Kyu Tae Im","103682"
"Inglot D.","inglot d","Dominic Inglot","104693"
"Ionita V.","ionita v","Victor Ionita","104181"
"Ishii Y.","ishii y","Yaoki Ishii","102982"
"Isner J.","isner j","John Isner","104545"
"Isner J. ","isner j","John Isner","104545"
"Istomin D.","istomin d","Denis Istomin","104797"
"Ito T.","ito t","Tatsuma Ito","105147"
"Ito Y.","ito y","Yuichi Ito","104781"
"Ittogi T.","ittogi t","Takahiro Ittogi","105252"
"Ivanisevic G.","ivanisevic g","Goran Ivanisevic","101964"
"Ivanov-Smolensky K.","ivanov smolensky k","Kirill Ivanov Smolensky","103715"
"Ivashka I.","ivashka i","Ilya Ivashka","125802"
"Iwabuchi S.","iwabuchi s","Satoshi Iwabuchi","102667"
"Iwami T.","iwami t","Tasuku Iwami","103230"
"Janowicz J.","janowicz j","Jerzy Janowicz","105668"
"Jarry N.","jarry n","Nicolas Jarry","111797"
"Jasika O.","jasika o","Omar Jasika","117357"
"Jaziri M.","jaziri m","Malek Jaziri","104291"
"Jeanpierre J.","jeanpierre j","Julien Jeanpierre","103527"
"Jelenic P.","jelenic p","Petar Jelenic","104948"
"Jenkins S.","jenkins s","Scoville Jenkins","104812"
"Jensen L.","jensen l","Luke Jensen","101263"
"Jeong S.Y.","jeong s y","Suk Young Jeong","106158"
"Jiang S.","jiang s","Shan Jiang","103642"
"Johansson J.","johansson j","Joachim Johansson","104026"
"Johansson T.","johansson t","Thomas Johansson","102563"
"Johnson S.","johnson s","Steve Johnson","105449"
"Jones A.","jones a","Alun Jones","103553"
"Jones G.","jones g","Greg Jones","105286"
"Jonsson F.","jonsson f","Fredrik Jonsson","102966"
"Jouan R.","jouan r","Romain Jouan","104579"
"Joyce M.","joyce m","Michael Joyce","102169"
"Jun W.","jun w","Woong Sun Jun","104753"
"Jun W.S.","jun w","Woong Sun Jun","104753"
"Junaid R.","junaid r","Rameez Junaid","103782"
"Junqueira D.","junqueira d","Diego Junqueira","103675"
"Kafelnikov Y.","kafelnikov y","Yevgeny Kafelnikov","102338"
"Kamke T.","kamke t","Tobias Kamke","104735"
"Karanusic R.","karanusic r","Roko Karanusic","104056"
"Karatsev A.","karatsev a","Aslan Karatsev","106234"
"Karbacher B.","karbacher b","Bernd Karbacher","101463"
"Karlovic I.","karlovic i","Ivo Karlovic","103333"
"Karlovic I. ","karlovic i","Ivo Karlovic","103333"
"Kauffmann C.","kauffmann c","Cedric Kauffmann","102735"
"Kavcic B.","kavcic b","Blaz Kavcic","104882"
"Kempes E.","kempes e","Edwin Kempes","102817"
"Kendrick R.","kendrick r","Robert Kendrick","103470"
"Kennedy A.","kennedy a","Adam Kennedy","104126"
"Kern R.","kern r","Robin Kern","106246"
"Ketola T.","ketola t","Tuomas Ketola","102538"
"Khachanov K.","khachanov k","Karen Khachanov","111575"
"Khaddari H.","khaddari h","Hicham Khaddari","105830"
"Khalfan S.","khalfan s","Sultan Khalfan","102956"
"Kicker N.","kicker n","Nicolas Kicker","106044"
"Kiefer N.","kiefer n","Nicolas Kiefer","103017"
"Kilderry P.","kilderry p","Paul Kilderry","102198"
"Kim A.","kim a","Alex Kim","103297"
"Kim K","kim k","Kevin Kim","103240"
"Kim K.","kim k","Kevin Kim","103240"
"Kimmich M.","kimmich m","Marc Kimmich","104115"
"Kindlmann D.","kindlmann d","Dieter Kindlmann","104010"
"King-Turner D.","king turner d","Daniel King Turner","104368"
"King D.","king d","Darian King","105985"
"King E.","king e","Evan King","105960"
"King K.","king k","Kevin King","110536"
"King P.","king p","Phillip King","103894"
"Kirillov E.","kirillov e","Evgeny Kirillov","104975"
"Klaasen R.","klaasen r","Raven Klaasen","104071"
"Klahn B.","klahn b","Bradley Klahn","105614"
"Klec I.","klec i","Ivo Klec","103657"
"Klein B.","klein b","Brydan Klein","105454"
"Klein T.","klein t","Tobias Klein","103964"
"Klizan M.","klizan m","Martin Klizan","105373"
"Kloer S.","kloer s","Sascha Kloer","104595"
"Knippschild J.","knippschild j","Jens Knippschild","102533"
"Knittel B.","knittel b","Bastian Knittel","104226"
"Knowle J.","knowle j","Julian Knowle","102382"
"Knowles M.","knowles m","Mark Knowles","101956"
"Koderisch C.","koderisch c","Christopher Koderisch","106764"
"Koellerer D.","koellerer d","Daniel Koellerer","104230"
"Koellerer D. ","koellerer d","Daniel Koellerer","104230"
"Koenig R.","koenig r","Robbie Koenig","101937"
"Kohlmann M.","kohlmann m","Michael Kohlmann","102306"
"Kohlschreiber P.","kohlschreiber p","Philipp Kohlschreiber","104259"
"Kohlschreiber P. ","kohlschreiber p","Philipp Kohlschreiber","104259"
"Kohlschreiber P..","kohlschreiber p","Philipp Kohlschreiber","104259"
"Kokkinakis T.","kokkinakis t","Thanasi Kokkinakis","106423"
"Koll H.","koll h","Helge Koll","102595"
"Kondo H.","kondo h","Hiroki Kondo","104082"
"Koning M.","koning m","Michel Koning","104361"
"Kontinen H.","kontinen h","Henri Kontinen","105573"
"Kornienko I.","kornienko i","Igor Kornienko","102086"
"Korolev E.","korolev e","Evgeny Korolev","105095"
"Korolev E. ","korolev e","Evgeny Korolev","105095"
"Korteling S.","korteling s","Steven Korteling","104287"
"Kosakowski D.","kosakowski d","Daniel Kosakowski","105930"
"Koubek S.","koubek s","Stefan Koubek","102905"
"Kovalik J.","kovalik j","Jozef Kovalik","106075"
"Kozlov S.","kozlov s","Stefan Kozlov","111578"
"Krajan Z.","krajan z","Zeljko Krajan","103318"
"Krajicek A.","krajicek a","Austin Krajicek","105572"
"Krajicek R.","krajicek r","Richard Krajicek","101990"
"Krajinovic F.","krajinovic f","Filip Krajinovic","105936"
"Kralert P.","kralert p","Petr Kralert","103457"
"Kratochvil M.","kratochvil m","Michel Kratochvil","103356"
"Kravchuk K.","kravchuk k","Konstantin Kravchuk","104505"
"Krawietz K.","krawietz k","Kevin Krawietz","105906"
"Kroslak J.","kroslak j","Jan Kroslak","102466"
"Krstin P.","krstin p","Pedja Krstin","106353"
"Krueger M.","krueger m","Mitchell Krueger","106283"
"Kubler J.","kubler j","Jason Kubler","106186"
"Kubot L.","kubot l","Lukasz Kubot","103997"
"Kucera K.","kucera k","Karol Kucera","102344"
"Kudla D.","kudla d","Denis Kudla","106045"
"Kudryavtsev A.","kudryavtsev a","Alexander Kudryavtsev","104628"
"Kuerten G.","kuerten g","Gustavo Kuerten","102856"
"Kukushkin M.","kukushkin m","Mikhail Kukushkin","105062"
"Kulti N.","kulti n","Nicklas Kulti","101900"
"Kumantsov A.","kumantsov a","Andrey Kumantsov","104778"
"Kumar S.","kumar s","Sunil Kumar","104156"
"Kunitcin I.","kunitsyn i","Igor Kunitsyn","103857"
"Kunitsyn I.","kunitsyn i","Igor Kunitsyn","103857"
"Kunitsyn I. ","kunitsyn i","Igor Kunitsyn","103857"
"Kutrovsky D.","kutrovsky d","Dimitar Kutrovsky","105004"
"Kutsenko V.","kutsenko v","Vadim Kutsenko","102957"
"Kuzmanov D.","kuzmanov d","Dimitar Kuzmanov","106220"
"Kuznetsov A.","kuznetsov a","Alex Kuznetsov","104864"
"Kuznetsov A.","kuznetsov a","Andrey Kuznetsov","105723"
"Kuznetsov Al.","kuznetsov al","Alex Kuznetsov","104864"
"Kuznetsov An.","kuznetsov an","Andrey Kuznetsov","105723"
"Kyrgios N.","kyrgios n","Nick Kyrgios","106401"
"Laaksonen H.","laaksonen h","Henri Laaksonen","105967"
"Labadze I.","labadze i","Irakli Labadze","103789"
"Lacko L.","lacko l","Lukas Lacko","105041"
"Lajola D.","lajola d","Dennis Lajola","105294"
"Lajovic D.","lajovic d","Dusan Lajovic","105583"
"Lama G.","lama g","Gonzalo Lama","106174"
"Lamasine T.","lamasine t","Tristan Lamasine","106137"
"Lammer M.","lammer m","Michael Lammer","103967"
"Lammer M. ","lammer m","Michael Lammer","103967"
"Landsberg J.","landsberg j","Johan Landsberg","102501"
"Langer N.","langer n","Nils Langer","105472"
"Lapentti G.","lapentti g","Giovanni Lapentti","104117"
"Lapentti N.","lapentti n","Nicolas Lapentti","102839"
"Lareau S.","lareau s","Sebastien Lareau","102205"
"Larkham T.","larkham t","Todd Larkham","102464"
"Larose S.","larose s","Simon Larose","103225"
"Larsson M.","larsson m","Magnus Larsson","101723"
"Lazov A.","lazov a","Alexander Lazov","105586"
"Ledovskikh M.","ledovskikh m","Mikhail Ledovskikh","104783"
"Lee H.T.","lee h t","Hyung Taik Lee","102703"
"Lee M.","lee m","Martin Lee","103114"
"Lejnieks K.","lejnieks k","Karlis Lejnieks","105122"
"Lemke J.","lemke j","James Lemke","105084"
"Lestienne C.","lestienne c","Constant Lestienne","106005"
"Levine I.","levine i","Igor Levine","103621"
"Levine J.","levine j","Jesse Levine","105028"
"Levinsky J.","levinsky j","Jaroslav Levinsky","103711"
"Levy H.","levy h","Harel Levy","103248"
"Li Z.","li z","Zhe Li","104810"
"Lindahl N.","lindahl n","Nick Lindahl","105194"
"Lindell C.","lindell c","Christian Lindell","105872"
"Linzer M.","linzer m","Michael Linzer","105426"
"Lipsky S.","lipsky s","Scott Lipsky","103822"
"Lisnard J.","lisnard j","Jean Rene Lisnard","103444"
"Lisnard J.R.","lisnard j","Jean Rene Lisnard","103444"
"Liukko V.","liukko v","Ville Liukko","102395"
"Ljubicic I.","ljubicic i","Ivan Ljubicic","103344"
"Ljubicic I. ","ljubicic i","Ivan Ljubicic","103344"
"Llodra M.","llodra m","Michael Llodra","103566"
"Logtens P.","logtens p","Paul Logtens","103465"
"Lojda D.","lojda d","Dusan Lojda","105116"
"Lokoli L.","lokoli l","Laurent Lokoli","106362"
"Londero J.I.","londero j i","Juan Ignacio Londero","106228"
"Lopes H.","lopes h","Helder Lopes","103033"
"Lopez-Jaen M.A.","lopez jaen m a","Miguel Angel Lopez Jaen","104091"
"Lopez-Moron A.","lopez moron a","Alex Lopez Moron","101826"
"Lopez-Perez E.","lopez perez e","Enrique Lopez Perez","105782"
"Lopez F.","lopez f","Feliciano Lopez","103852"
"Lopez F. ","lopez f","Feliciano Lopez","103852"
"Lopez M.","lopez m","Marc Lopez","104043"
"Lorenzi P.","lorenzi p","Paolo Lorenzi","103893"
"Lu H.","lu h","Hao Lu","104294"
"Lu Y.","lu y","Yen Hsun Lu","104229"
"Lu Y.H.","lu y h","Yen Hsun Lu","104229"
"Luczak P.","luczak p","Peter Luczak","103429"
"Luczak P. ","luczak p","Peter Luczak","103429"
"Lukaev R.","lukaev r","Radoslav Lukaev","103986"
"Luncanu P.A.","luncanu p a","Petru Alexandru Luncanu","105331"
"Luque D.","luque d","David Luque Velasco","104317"
"Luxa P.","luxa p","Petr Luxa","102023"
"Luzzi F.","luzzi f","Federico Luzzi","103487"
"Maamoun K.","maamoun k","Karim Maamoun","103472"
"Machado R.","machado r","Rui Machado","104349"
"Mackin A.","mackin a","Alan Mackin","103820"
"MacLagan M.","maclagan m","Miles Maclagan","102457"
"MacPhie B.","macphie b","Brian Macphie","102053"
"Maden Y.","maden y","Yannick Maden","120424"
"Mahut N.","mahut n","Nicolas Mahut","103917"
"Malcor O.","malcor o","Olivier Malcor","102520"
"Malisse X.","malisse x","Xavier Malisse","103598"
"Mamiit C.","mamiit c","Cecil Mamiit","102821"
"Mankad H.","mankad h","Harsh Mankad","103468"
"Mannarino A.","mannarino a","Adrian Mannarino","105173"
"Manta L.","manta l","Lorenzo Manta","102455"
"Mantilla F.","mantilla f","Felix Mantilla","102456"
"Marach O.","marach o","Oliver Marach","103594"
"Marcaccio G.","marcaccio g","Gustavo Marcaccio","102985"
"Marcan D.","marcan d","Dino Marcan","105711"
"Marchenko I.","marchenko i","Illya Marchenko","105011"
"Marin J.A","marin j a","Juan Antonio Marin","102548"
"Marin J.A.","marin j a","Juan Antonio Marin","102548"
"Marques N.","marques n","Nuno Marques","101731"
"Marrai M.","marrai m","Matteo Marrai","104830"
"Marray J.","marray j","Jonathan Marray","103730"
"Marrero D.","marrero d","David Marrero","103543"
"Martelli M.","martelli m","Marzio Martelli","101997"
"Marterer M.","marterer m","Maximilian Marterer","109739"
"Marti J.","marti j","Javier Marti","105894"
"Marti Y.","marti y","Yann Marti","105161"
"Martin A.","martin a","Alberto Martin","103252"
"Martin A.","martin a","Andrej Martin","105413"
"Martin A. ","martin a","Alberto Martin","103252"
"Martin D.","martin d","David Martin","103718"
"Martin F.","martin f","Fabrice Martin","104802"
"Martin T.","martin t","Todd Martin","101774"
"Massa E.","massa e","Edgardo Massa","103737"
"Massu N.","massu n","Nicolas Massu","103454"
"Mathieu P.","mathieu p","Paul Henri Mathieu","103908"
"Mathieu P.H.","mathieu p","Paul Henri Mathieu","103908"
"Mathieu P.H. ","mathieu p","Paul Henri Mathieu","103908"
"Matias N.","matias n","Nuno Matias","103092"
"Matkowski M.","matkowski m","Marcin Matkowski","103690"
"Matos-Gil I.","matos gil i","Israel Matos Gil","104099"
"Matosevic M.","matosevic m","Marinko Matosevic","104594"
"Matsui T.","matsui t","Toshihide Matsui","103175"
"Matsukevitch D.","matsukevitch d","Denis Matsukevitch","104707"
"Mayer F.","mayer f","Florian Mayer","104252"
"Mayer L.","mayer l","Leonardo Mayer","104919"
"Mayer L. ","mayer l","Leonardo Mayer","104919"
"Mazarakis V.","mazarakis v","Vasilis Mazarakis","103505"
"Mcclune M.","mcclune m","Michael Mcclune","105404"
"McClune M.","mcclune m","Michael Mcclune","105404"
"Mcdonald M.","mcdonald m","Mackenzie Mcdonald","111456"
"Mcgee J.","mcgee j","James Mcgee","104945"
"Mecir M.","mecir m","Miloslav Mecir","105080"
"Medvedev A.","medvedev a","Andrei Medvedev","102446"
"Medvedev D.","medvedev d","Daniil Medvedev","106421"
"Meffert D.","meffert d","Dominik Meffert","103747"
"Meister N.","meister n","Nicolas Meister","105336"
"Mektic N.","mektic n","Nikola Mektic","105254"
"Meligeni F.","meligeni f","Fernando Meligeni","101897"
"Mello R.","mello r","Ricardo Mello","103672"
"Melo D.","melo d","Daniel Melo","103015"
"Melzer G.","melzer g","Gerald Melzer","105589"
"Melzer J.","melzer j","Jurgen Melzer","103781"
"Menendez-Maceiras A.","menendez maceiras a","Adrian Menendez Maceiras","104629"
"Mergea F.","mergea f","Florin Mergea","104495"
"Mertens Y.","mertens y","Yannick Mertens","104963"
"Mertinak M.","mertinak m","Michal Mertinak","103455"
"Mertl J.","mertl j","Jan Mertl","103902"
"Mesaros K.","mesaros k","Kristijan Mesaros","105175"
"Michon A.","michon a","Axel Michon","105678"
"Middelkoop M.","middelkoop m","Matwe Middelkoop","104235"
"Miedler L.","miedler l","Lucas Miedler","111192"
"Miketa D.","miketa d","David Miketa","102600"
"Milligan L.","milligan l","Luke Milligan","102835"
"Millman J.","millman j","John Millman","105357"
"Millot V.","millot v","Vincent Millot","104672"
"Milojevic N.","milojevic n","Nikola Milojevic","110748"
"Mina G.","mina g","Gianni Mina","105917"
"Minar I.","minar i","Ivo Minar","104371"
"Minar J.","minar j","Jan Minar","103748"
"Miranda I.","miranda i","Ivan Miranda","103525"
"Mirnegg M.","mirnegg m","Marco Mirnegg","104021"
"Mirnyi M.","mirnyi m","Max Mirnyi","103018"
"Mitchell B.","mitchell b","Benjamin Mitchell","106093"
"Miyao J.","miyao j","Joji Miyao","103792"
"Mlynarik Z.","mlynarik z","Zbynek Mlynarik","102978"
"Mmoh M.","mmoh m","Michael Mmoh","111581"
"Moeller M.","moeller m","Marvin Moeller","202359"
"Moldovan I.","moldovan i","Ion Moldovan","103118"
"Molteni A.","molteni a","Andres Molteni","105120"
"Monaco J.","monaco j","Juan Monaco","104338"
"Monaco J. ","monaco j","Juan Monaco","104338"
"Monfils G.","monfils g","Gael Monfils","104792"
"Monfils G. ","monfils g","Gael Monfils","104792"
"Montanes A.","montanes a","Albert Montanes","103656"
"Montanes A. ","montanes a","Albert Montanes","103656"
"Montcourt M.","montcourt m","Mathieu Montcourt","104515"
"Monteiro T.","monteiro t","Thiago Monteiro","106329"
"Moodie W.","moodie w","Wesley Moodie","103325"
"Mor L.","mor l","Lior Mor","102734"
"Moraru G.","moraru g","Gabriel Moraru","103925"
"Moretti H.","moretti h","Hector Moretti","102168"
"Moriya H.","moriya h","Hiroki Moriya","105655"
"Morrison J.","morrison j","Jeff Morrison","103319"
"Moser F.","moser f","Frank Moser","102864"
"Mota B.","mota b","Bernardo Mota","101938"
"Motomura G.","motomura g","Gouichi Motomura","102300"
"Moya C.","moya c","Carlos Moya","102845"
"Moyano D.","moyano d","Diego Moyano","102554"
"Muller G.","muller g","Gilles Muller","104180"
"Munar J.","munar j","Jaume Munar","144719"
"Munoz-De La Nava D.","munoz de la nava d","Daniel Munoz De La Nava","103926"
"Munoz de la Nava D.","munoz de la nava d","Daniel Munoz De La Nava","103926"
"Munoz de La Nava D.","munoz de la nava d","Daniel Munoz De La Nava","103926"
"Munoz De La Nava D.","munoz de la nava d","Daniel Munoz De La Nava","103926"
"Murray A.","murray a","Andy Murray","104918"
"Murray A. ","murray a","Andy Murray","104918"
"Muster T.","muster t","Thomas Muster","101404"
"Mutis O.","mutis o","Olivier Mutis","103133"
"Myneni S.","myneni s","Saketh Myneni","105031"
"Nadal R.","nadal r","Rafael Nadal","104745"
"Nader M.","nader m","Mahmoud Nader Al Baloushi","108996"
"Nalbandian D.","nalbandian d","David Nalbandian","103900"
"Nam H.W.","nam h w","Hyun Woo Nam","104478"
"Nargiso D.","nargiso d","Diego Nargiso","101717"
"Naso G.","naso g","Gianluca Naso","104851"
"Navarra M.","navarra m","Mose Navarra","102433"
"Navarro S.","navarro s","Salvador Navarro","102910"
"Nedelko I.","nedelko i","Ivan Nedelko","104729"
"Nedovyesov A.","nedovyesov a","Aleksandr Nedovyesov","104873"
"Nedunchezhiyan J.","nedunchezhiyan j","Jeevan Nedunchezhiyan","105233"
"Nestor D.","nestor d","Daniel Nestor","102110"
"Neumuller I.","neumuller i","Ingo Neumuller","103353"
"Nielsen F.","nielsen f","Frederik Nielsen","104233"
"Nielsen M.","nielsen m","Mark Nielsen","103066"
"Niemeyer F.","niemeyer f","Frederic Niemeyer","102780"
"Nieminen J.","nieminen j","Jarkko Nieminen","103813"
"Nieminen J. ","nieminen j","Jarkko Nieminen","103813"
"Nijaki R.","nijaki r","Radoslaw Nijaki","103923"
"Niki T.","niki t","Takuto Niki","105026"
"Nikles J.","nikles j","Johan Nikles","126627"
"Niland C.","niland c","Conor Niland","103851"
"Nishikori K.","nishikori k","Kei Nishikori","105453"
"Nishioka Y.","nishioka y","Yoshihito Nishioka","106415"
"Norby R.","norby r","Rasmus Norby","104059"
"Norman D.","norman d","Dick Norman","101868"
"Norman M.","norman m","Magnus Norman","102796"
"Novak D.","novak d","Dennis Novak","110602"
"Novak J.","novak j","Jiri Novak","102562"
"Novikov D.","novikov d","Dennis Novikov","106261"
"Nunez E.","nunez e","Eric Nunez","103975"
"O'Brien A.","o brien a","Alex Obrien","101711"
"O'Neal J.","o neal j","Justin Oneal","103076"
"Odesnik W.","odesnik w","Wayne Odesnik","104639"
"Ogorodov O.","ogorodov o","Oleg Ogorodov","102087"
"Okun N.","okun n","Noam Okun","103174"
"Olaso G.","olaso g","Guillermo Olaso","105128"
"Olejniczak D.","olejniczak d","Dawid Olejniczak","104140"
"Olguin L.","olguin l","Leonardo Olguin","102693"
"Olivetti A.","olivetti a","Albano Olivetti","105874"
"Olivo R.","olivo r","Renzo Olivo","105952"
"Oncins J.","oncins j","Jaime Oncins","101761"
"Ondruska M.","ondruska m","Marcos Ondruska","102154"
"Onoda M.","onoda m","Michihisa Onoda","103131"
"Opelka R.","opelka r","Reilly Opelka","124187"
"Ortega-Olmedo R.","ortega olmedo r","Roberto Ortega Olmedo","105751"
"Ortegren J.","ortegren j","Johan Ortegren","103158"
"Oswald P.","oswald p","Philipp Oswald","104667"
"Ouahab L.","ouahab l","Lamine Ouahab","104467"
"Ouahabi T.","ouahabi t","Talal Ouahabi","103109"
"Ouanna J.","ouanna j","Josselin Ouanna","104721"
"Oudsema S.","oudsema s","Scott Oudsema","104760"
"Ouyang B.","ouyang b","Bowen Ouyang","105999"
"Paes L.","paes l","Leander Paes","102233"
"Paire B.","paire b","Benoit Paire","105332"
"Palmer J.","palmer j","Jared Palmer","101932"
"Panfil G.","panfil g","Grzegorz Panfil","105066"
"Parada F.","parada f","Felipe Parada","103775"
"Parmar A.","parmar a","Arvind Parmar","103157"
"Pasha N.","pasha n","Nathan Pasha","111156"
"Pashanski B.","pashanski b","Boris Pashanski","104081"
"Patience O.","patience o","Olivier Patience","103535"
"Patino L.","patino l","Luis Patino","106250"
"Patriarca D.","patriarca d","Damian Patriarca","104208"
"Paul T.","paul t","Tommy Paul","126205"
"Pavel A.","pavel a","Andrei Pavel","102318"
"Pavic A.","pavic a","Ante Pavic","105302"
"Pavic M.","pavic m","Mate Pavic","106207"
"Pavlasek A.","pavlasek a","Adam Pavlasek","106361"
"Pedroso A.","pedroso a","Andres Pedroso","103328"
"Peliwo F.","peliwo f","Filip Peliwo","106290"
"Pella G.","pella g","Guido Pella","105550"
"Peppas S.","peppas s","Solon Peppas","102469"
"Peralta J.","peralta j","Julio Peralta","103841"
"Perez D.","perez d","Didac Perez","103837"
"Peric T.","peric t","Tomislav Peric","104161"
"Perry T.","perry t","Todd Perry","102751"
"Pescariu D.","pescariu d","Dinu Pescariu","102375"
"Peschek D.","peschek d","Dennis Peschek","104282"
"Pescosolido S.","pescosolido s","Stefano Pescosolido","101924"
"Petrovic D.","petrovic d","Dejan Petrovic","103162"
"Petzschner P.","petzschner p","Philipp Petzschner","104332"
"Petzschner P. ","petzschner p","Philipp Petzschner","104332"
"Peya A.","peya a","Alexander Peya","103580"
"Pfeiffer K.","pfeiffer k","Krystian Pfeiffer","103287"
"Phau B.","phau b","Bjorn Phau","103451"
"Philippoussis M.","philippoussis m","Mark Philippoussis","102882"
"Phillips T.","phillips t","Tripp Phillips","103039"
"Piccari F.","piccari f","Francesco Piccari","103437"
"Pioline C.","pioline c","Cedric Pioline","101611"
"Pless K.","pless k","Kristian Pless","103709"
"Podlipnik H.","podlipnik h","Hans Podlipnik Castillo","105070"
"Poerschke L.","poerschke l","Lars Poerschke","104385"
"Polansky P.","polansky p","Peter Polansky","105166"
"Popp A.","popp a","Alexander Popp","102880"
"Popp T.","popp t","Torsten Popp","104272"
"Portas A.","portas a","Albert Portas","102287"
"Pospisil J.","pospisil j","Jaroslav Pospisil","103708"
"Pospisil V.","pospisil v","Vasek Pospisil","105577"
"Pouille L.","pouille l","Lucas Pouille","106298"
"Pozzi G.","pozzi g","Gianluca Pozzi","101150"
"Prashanth V.","prashanth v","N Vijay Sundar Prashanth","104822"
"Pretzsch A.","pretzsch a","Axel Pretzsch","102809"
"Prieto S.","prieto s","Sebastian Prieto","102585"
"Prinosil D.","prinosil d","David Prinosil","102184"
"Prodon E.","prodon e","Eric Prodon","103799"
"Prpic F.","prpic f","Filip Prpic","104004"
"Przysiezny M.","przysiezny m","Michal Przysiezny","104308"
"Puentes G.","puentes g","German Puentes","102153"
"Puerta M.","puerta m","Mariano Puerta","103264"
"Puetz T.","puetz t","Tim Puetz","105047"
"Querrey S.","querrey s","Sam Querrey","105023"
"Quigley E.","quigley e","Eric Quigley","105281"
"Quintero M.","quintero m","Michael Quintero","103590"
"Qureshi A.","qureshi a","Aisam Ul Haq Qureshi","103529"
"Qureshi A.U.H.","qureshi a u h","Aisam Ul Haq Qureshi","103529"
"Rachidi Y.","rachidi y","Younes Rachidi","104803"
"Radic M.","radic m","Mario Radic","103912"
"Rafter P.","rafter p","Patrick Rafter","102158"
"Ram A.","ram a","Andy Ram","103544"
"Ram R.","ram r","Rajeev Ram","104330"
"Ram R.","ram r","Ruben Ramirez Hidalgo","103105"
"Ramanathan R.","ramanathan r","Ramkumar Ramanathan","106368"
"Ramirez-Hidalgo R.","ramirez hidalgo r","Ruben Ramirez Hidalgo","103105"
"Ramirez C.","ramirez c","Cesar Ramirez","105471"
"Ramirez Hidalgo R.","ramirez hidalgo r","Ruben Ramirez Hidalgo","103105"
"Ramos A.","ramos a","Albert Ramos","105077"
"Raonic M.","raonic m","Milos Raonic","105683"
"Raoux G.","raoux g","Guillaume Raoux","101703"
"Rascon T.","rascon t","Juan Luis Tati Rascon","101869"
"Rastogi K.","rastogi k","Karan Rastogi","104816"
"Ratiwatana S.","ratiwatana s","Sonchat Ratiwatana","103921"
"Rea S.","rea s","Simon Rea","104036"
"Recouderc L.","recouderc l","Laurent Recouderc","104397"
"Rehnquist B.","rehnquist b","Bjorn Rehnquist","103104"
"Reichel A.","reichel a","Alexander Reichel","101871"
"Reid M.","reid m","Matt Reid","105591"
"Reid T.","reid t","Todd Reid","104379"
"Reister J.","reister j","Julian Reister","104714"
"Reix C.","reix c","Clement Reix","104256"
"Renavand N.","renavand n","Nicolas Renavand","104023"
"Reneberg R.","reneberg r","Richey Reneberg","101191"
"Rettenmaier T.","rettenmaier t","Travis Rettenmaier","104224"
"Reyes-Varela M.A.","reyes varela m a","Miguel Angel Reyes Varela","104960"
"Reynolds B.","reynolds b","Bobby Reynolds","104035"
"Riba-Madrid P.","riba p","Pere Riba","105137"
"Riba P.","riba p","Pere Riba","105137"
"Rieschick S.","rieschick s","Sebastian Rieschick","104681"
"Rios F.","rios f","Felipe Rios","105941"
"Rios M.","rios m","Marcelo Rios","102701"
"Robert S.","robert s","Stephane Robert","103565"
"Robredo R.","robredo r","Tommy Robredo","103990"
"Robredo T.","robredo t","Tommy Robredo","103990"
"Robredo T. ","robredo t","Tommy Robredo","103990"
"Rocha D.","rocha d","Diogo Rocha","104383"
"Rochus C.","rochus c","Christophe Rochus","103294"
"Rochus C. ","rochus c","Christophe Rochus","103294"
"Rochus O.","rochus o","Olivier Rochus","103694"
"Rochus O. ","rochus o","Olivier Rochus","103694"
"Roddick A.","roddick a","Andy Roddick","104053"
"Rodrigues M.","rodrigues m","Mathieu Rodrigues","104633"
"Rodriguez B.","rodriguez b","Bruno Rodriguez","104823"
"Rodriguez M.","rodriguez m","Martin Rodriguez","101675"
"Roger-Vasselin E.","roger vasselin e","Edouard Roger Vasselin","104273"
"Roitman S.","roitman s","Sergio Roitman","103373"
"Rola B.","rola b","Blaz Rola","105641"
"Romboli F.","romboli f","Fernando Romboli","105262"
"Rosenholm P.","rosenholm p","Patrik Rosenholm","105113"
"Roshardt R.","roshardt r","Robin Roshardt","105104"
"Rosol L.","rosol l","Lukas Rosol","104586"
"Rosset M.","rosset m","Marc Rosset","101820"
"Roux L.","roux l","Lionel Roux","102201"
"Rubin N.","rubin n","Noah Rubin","111511"
"Rublev A.","rublev a","Andrey Rublev","126094"
"Rufin G.","rufin g","Guillaume Rufin","105558"
"Rusedski G.","rusedski g","Greg Rusedski","102257"
"Russell M.","russell m","Michael Russell","103188"
"Ruud C.","ruud c","Christian Ruud","102104"
"Ruud C.","ruud c","Casper Ruud","134770"
"Ryderstedt M.","ryderstedt m","Michael Ryderstedt","104453"
"Sa A.","sa a","Andre Sa","102987"
"Saavedra Corvalan C.","saavedra corvalan c","Cristobal Saavedra Corvalan","105601"
"Sabau R.","sabau r","Razvan Sabau","103009"
"Sabry S.","sabry s","Sherif Sabry","104789"
"Sadecky A.","sadecky a","Alexander Sadecky","104967"
"Safin M.","safin m","Marat Safin","103498"
"Safwat M.","safwat m","Mohamed Safwat","105633"
"Salamanca C.","salamanca c","Carlos Salamanca","104113"
"Salva B.","salva b","Bartolome Salva Vidal","104831"
"Salzenstein J.","salzenstein j","Jeff Salzenstein","102269"
"Samper-Montana J.","samper montana j","Jordi Samper Montana","105515"
"Sampras P.","sampras p","Pete Sampras","101948"
"Sanchez D.","sanchez d","David Sanchez","103176"
"Sanchez De Luna J.","sanchez de luna j","Jose Antonio Sanchez De Luna","104445"
"Sanchez de Luna J.A.","sanchez de luna j","Jose Antonio Sanchez De Luna","104445"
"Sanchez J.","sanchez j","Javier Sanchez","101439"
"Sandbichler A.","sandbichler a","Armin Sandbichler","104488"
"Sanguinetti D.","sanguinetti d","Davide Sanguinetti","102106"
"Santillan A.","santillan a","Akira Santillan","117361"
"Santopadre V.","santopadre v","Vincenzo Santopadre","101947"
"Santoro F.","santoro f","Fabrice Santoro","102148"
"Saoudi S.","saoudi s","Slimane Saoudi","102630"
"Saretta F.","saretta f","Flavio Saretta","103581"
"Sargsian S.","sargsian s","Sargis Sargsian","102227"
"Sarkissian A.","sarkissian a","Alexander Sarkissian","105512"
"Sarstrand M.","sarstrand m","Marcus Sarstrand","103239"
"Satral J.","satral j","Jan Satral","105596"
"Saulnier C.","saulnier c","Cyril Saulnier","102642"
"Saville L.","saville l","Luke Saville","106291"
"Savolt A.","savolt a","Attila Savolt","102722"
"Schalken S.","schalken s","Sjeng Schalken","102854"
"Scherrer J.","scherrer j","Jean Claude Scherrer","103238"
"Scherrer J.C.","scherrer j c","Jean Claude Scherrer","103238"
"Schiessling T.","schiessling t","Thomas Schiessling","102473"
"Schnur B.","schnur b","Brayden Schnur","111790"
"Scholtz N.","scholtz n","Nicolaas Scholtz","105707"
"Schoorel T.","schoorel t","Thomas Schoorel","105318"
"Schranz W.","schranz w","Wolfgang Schranz","102753"
"Schuettler R.","schuettler r","Rainer Schuettler","102783"
"Schuettler R. ","schuettler r","Rainer Schuettler","102783"
"Schukin Y.","schukin y","Yuri Schukin","103393"
"Schwank E.","schwank e","Eduardo Schwank","104724"
"Schwartzman D.","schwartzman d","Diego Sebastian Schwartzman","106043"
"Sekulic M.","sekulic m","Milos Sekulic","105427"
"Sekulov J.","sekulov j","James Sekulov","102872"
"Sela D.","sela d","Dudi Sela","104534"
"Sell M.","sell m","Michael Sell","102103"
"Seppi A.","seppi a","Andreas Seppi","104312"
"Seppi A. ","seppi a","Andreas Seppi","104312"
"Serdarusic N.","serdarusic n","Nino Serdarusic","126120"
"Sergeyev I.","sergeyev i","Ivan Sergeyev","105079"
"Serra F.","serra f","Florent Serra","103722"
"Serra F. ","serra f","Florent Serra","103722"
"Serrano O.","serrano o","Oscar Serrano","103202"
"Setkic A.","setkic a","Aldin Setkic","105060"
"Settergren J.","settergren j","Johan Settergren","103178"
"Shane R.","shane r","Ryan Shane","126152"
"Shapovalov D.","shapovalov d","Denis Shapovalov","133430"
"Sherwood D.","sherwood d","David Sherwood","103559"
"Shimada T.","shimada t","Thomas Shimada","102529"
"Shvec A.","shvec a","Alexander Shvec","102077"
"Shyla Y.","shyla y","Yaraslau Shyla","106138"
"Si Y.M.","si y m","Yew Ming Si","103427"
"Sidorenko A.","sidorenko a","Alexandre Sidorenko","105098"
"Siemerink J.","siemerink j","Jan Siemerink","101733"
"Sijsling I.","sijsling i","Igor Sijsling","104997"
"Silva D.","silva d","Daniel Dutra Da Silva","105180"
"Silva F.","silva f","Frederico Ferreira Silva","106393"
"Silva J.","silva j","Julio Silva","103395"
"Simmonds P.","simmonds p","Phillip Simmonds","104732"
"Simon G.","simon g","Gilles Simon","104468"
"Simon G. ","simon g","Gilles Simon","104468"
"Simoni A.","simoni a","Alexandre Simoni","103397"
"Simonsson F.","simonsson f","Fred Simonsson","110596"
"Singh N.","singh n","Navdeep Singh","104684"
"Singh S.","singh s","Sanam Singh","105072"
"Sirianni J.","sirianni j","Joseph Sirianni","102512"
"Siriluethaiwattana P.","siriluethaiwattana p","Peerakiat Siriluethaiwattana","105402"
"Sitak A.","sitak a","Artem Sitak","104677"
"Skoch D.","skoch d","David Skoch","102881"
"Skugor F.","skugor f","Franco Skugor","105015"
"Slabinsky A.","slabinsky a","Alexander Slabinsky","104692"
"Slanar M.","slanar m","Martin Slanar","103763"
"Sluiter R.","sluiter r","Raemon Sluiter","103171"
"Smeets R.","smeets r","Robert Smeets","104635"
"Smethurst D.","smethurst d","Daniel Smethurst","105651"
"Smit J.","smit j","Jasper Smit","103653"
"Smith A.","smith a","Austin Smith","106269"
"Smith J.P.","smith j p","John Patrick Smith","105441"
"Smith L.","smith l","Luke Smith","102875"
"Smyczek T.","smyczek t","Tim Smyczek","105065"
"Snobel P.","snobel p","Pavel Snobel","103520"
"Sock J.","sock j","Jack Sock","106058"
"Soderling R.","soderling r","Robin Soderling","104417"
"Soderlund C.","soderlund c","Carl Soderlund","144797"
"Soeda G.","soeda g","Go Soeda","104424"
"Sonego L.","sonego l","Lorenzo Sonego","132283"
"Sorensen L.","sorensen l","Louk Sorensen","104476"
"Sousa J.","sousa j","Joao Sousa","105311"
"Sousa P.","sousa p","Pedro Sousa","105155"
"Sousa T.","sousa t","Tiago Sousa","103282"
"Souza J.","souza j","Joao Souza","105154"
"Spadea V.","spadea v","Vincent Spadea","102434"
"Spottl M.","spottl m","Martin Spottl","102689"
"Spracklin T.","spracklin t","Trevor Spracklin","103097"
"Squillari F.","squillari f","Franco Squillari","102644"
"Srichaphan P.","srichaphan p","Paradorn Srichaphan","103387"
"Stadler S.","stadler s","Simon Stadler","104217"
"Stafford G.","stafford g","Grant Stafford","101917"
"Stakhovsky S.","stakhovsky s","Sergiy Stakhovsky","104660"
"Stanoytchev O.","stanoytchev o","Orlin Stanoytchev","101969"
"Starace P.","starace p","Potito Starace","103808"
"Stark J.","stark j","Jonathan Stark","101890"
"Statham J.","statham j","Jose Rubin Statham","104907"
"Statham R.","statham r","Jose Rubin Statham","104907"
"Stebe C-M.","stebe c m","Cedrik Marcel Stebe","105649"
"Stebe C.M.","stebe c m","Cedrik Marcel Stebe","105649"
"Steckley R.","steckley r","Rob Steckley","103510"
"Stepanek R.","stepanek r","Radek Stepanek","103285"
"Stepanek R. ","stepanek r","Radek Stepanek","103285"
"Stoliarov A.","stoliarov a","Andrei Stoliarov","102911"
"Stoltenberg J.","stoltenberg j","Jason Stoltenberg","101727"
"Stoppini A.","stoppini a","Andrea Stoppini","103521"
"Strode B.","strode b","Blake Strode","104971"
"Struff J-L.","struff j l","Jan Lennard Struff","105526"
"Struff J.L.","struff j l","Jan Lennard Struff","105526"
"Struvay E.","struvay e","Eduardo Struvay","105679"
"Sugita Y.","sugita y","Yuichi Sugita","105216"
"Sultan-Khalfan A.","sultan khalfan a","Sultan Khalfan","102956"
"Summerer T.","summerer t","Tobias Summerer","104121"
"Sun P.","sun p","Peng Sun","104261"
"Suzuki T.","suzuki t","Takao Suzuki","102863"
"Svarc L.","svarc l","Ladislav Svarc","103281"
"Sweeting R.","sweeting r","Ryan Sweeting","104976"
"Syed F.","syed f","Fazaluddin Syed","102467"
"Szymanski J.","szymanski j","Jimy Szymanski","102655"
"Tabara M.","tabara m","Michal Tabara","103420"
"Tahiri M.","tahiri m","Mehdi Tahiri","103029"
"Taino E.","taino e","Eric Taino","102558"
"Takeuchi K.","takeuchi k","Kento Takeuchi","105059"
"Tarallo S.","tarallo s","Stefano Tarallo","102738"
"Tarango J.","tarango j","Jeff Tarango","101543"
"Tavares L.","tavares l","Leonardo Tavares","104311"
"Tearney F.","tearney f","Finn Tearney","110686"
"Tebbutt M.","tebbutt m","Michael Tebbutt","101833"
"Tecau H.","tecau h","Horia Tecau","104486"
"Teixeira M.","teixeira m","Maxime Teixeira","105270"
"Tenconi T.","tenconi t","Tomas Tenconi","103626"
"Terachi T.","terachi t","Takahiro Terachi","103403"
"Thiem D.","thiem d","Dominic Thiem","106233"
"Thomann N.","thomann n","Nicolas Thomann","102143"
"Thomas J.","thomas j","Jim Thomas","102458"
"Thompson C.","thompson c","Clay Thompson","110636"
"Thompson J.","thompson j","Jordan Thompson","111442"
"Thron A.","thron a","Aljoscha Thron","104951"
"Tiafoe F.","tiafoe f","Francis Tiafoe","126207"
"Tieleman L.","tieleman l","Laurence Tieleman","102133"
"Tiilikainen K.","tiilikainen k","Kim Tiilikainen","102617"
"Tillstrom M.","tillstrom m","Mikael Tillstrom","102025"
"Timfjord N.","timfjord n","Nicklas Timfjord","102961"
"Tipsarevic J.","tipsarevic j","Janko Tipsarevic","104386"
"Tipsarevic J. ","tipsarevic j","Janko Tipsarevic","104386"
"Tkalec M.","tkalec m","Marko Tkalec","102959"
"Tobon M.","tobon m","Miguel Tobon","101495"
"Todero N.","todero n","Nicolas Todero","103358"
"Tomashevich D.","tomashevich d","Dmitri Tomashevich","102347"
"Tomic B.","tomic b","Bernard Tomic","106071"
"Tong M.","tong m","Melvin Tong","102537"
"Topic J.","topic j","Josko Topic","104275"
"Torebko P.","torebko p","Peter Torebko","105091"
"Tramacchi P.","tramacchi p","Peter Tramacchi","101821"
"Travaglia S.","travaglia s","Stefano Travaglia","105882"
"Traykov I.","traykov i","Ivaylo Traykov","103296"
"Trevisan M.","trevisan m","Matteo Trevisan","105401"
"Trifu G.","trifu g","Gabriel Trifu","102574"
"Trimmel C.","trimmel c","Clemens Trimmel","103216"
"Trinker B.","trinker b","Bastian Trinker","105542"
"Troicki V.","troicki v","Viktor Troicki","104678"
"Troicki V. ","troicki v","Viktor Troicki","104678"
"Trongcharoenchaikul W.","trongcharoenchaikul w","Wishaya Trongcharoenchaikul","106397"
"Trujillo G.","trujillo g","Gabriel Trujillo Soler","103448"
"Trungelliti M.","trungelliti m","Marco Trungelliti","105477"
"Trusendi W.","trusendi w","Walter Trusendi","104473"
"Tsonga J.W.","tsonga j w","Jo Wilfried Tsonga","104542"
"Tsonga J.W. ","tsonga j w","Jo Wilfried Tsonga","104542"
"Tuksar S.","tuksar s","Sasa Tuksar","104182"
"Tursunov D.","tursunov d","Dmitry Tursunov","104098"
"Tveit E.","tveit e","Erling Tveit","104469"
"Uchiyama Y.","uchiyama y","Yasutaka Uchiyama","106034"
"Udomchoke D.","udomchoke d","Danai Udomchoke","103821"
"Uebel L.","uebel l","Lars Uebel","103646"
"Ulihrach B.","ulihrach b","Bohdan Ulihrach","102539"
"Ullyett K.","ullyett k","Kevin Ullyett","102061"
"Ungur A.","ungur a","Adrian Ungur","104494"
"Uppal V.","uppal v","Vishal Uppal","102885"
"Urban F.","urban f","Filip Urban","103963"
"Vacek D.","vacek d","Daniel Vacek","101888"
"Vacek J.","vacek j","Jan Vacek","102788"
"Vagnozzi S.","vagnozzi s","Simone Vagnozzi","104195"
"Vahaly B.","vahaly b","Brian Vahaly","103408"
"Vaisse M.","vaisse m","Martin Vaisse","104993"
"Vajda I.","vajda i","Ivan Vajda","103256"
"Valent R.","valent r","Roman Valent","104211"
"Van D. Merwe I.","van d merwe i","Izak Van Der Merwe","104292"
"Van der Dium A.","van der dium a","Antal Van Der Duim","105014"
"van der Meer N.","van der meer n","Nick Van Der Meer","104485"
"Van der Merwe I.","van der merwe i","Izak Van Der Merwe","104292"
"Van Der Merwe I.","van der merwe i","Izak Van Der Merwe","104292"
"van Gemerden M.","van gemerden m","Melle Van Gemerden","103369"
"van Lottum J.","van lottum j","John Van Lottum","102770"
"Van Lottum J.","van lottum j","John Van Lottum","102770"
"Van Rijthoven T.","van rijthoven t","Tim Van Rijthoven","126646"
"van Scheppingen D.","van scheppingen d","Dennis Van Scheppingen","102615"
"Vanek J.","vanek j","Jiri Vanek","103181"
"Vanni L.","vanni l","Luca Vanni","104563"
"Vardhan V.","vardhan v","Vishnu Vardhan","104986"
"Varlet J.","varlet j","Julien Varlet","103047"
"Vasek R.","vasek r","Radomir Vasek","102118"
"Vasilevski A.","vasilevski a","Andrei Vasilevski","105781"
"Vassallo-Arguello M.","vassallo arguello m","Martin Vassallo Arguello","103506"
"Vassallo-Arguello M. ","vassallo arguello m","Martin Vassallo Arguello","103506"
"Vega Hernandez D.","vega hernandez d","David Vega Hernandez","110754"
"Veger F.","veger f","Filip Veger","106374"
"Veic A.","veic a","Antonio Veic","105099"
"Velotti A.","velotti a","Agustin Velotti","106006"
"Vemic D.","vemic d","Dusan Vemic","102811"
"Ventura S.","ventura s","Santiago Ventura","103490"
"Venus M.","venus m","Michael Venus","105030"
"Verdasco F.","verdasco f","Fernando Verdasco","104269"
"Verdasco F. ","verdasco f","Fernando Verdasco","104269"
"Verkerk M.","verkerk m","Martin Verkerk","103280"
"Veronelli D.","veronelli d","Diego Veronelli","103478"
"Vesely J.","vesely j","Jiri Vesely","106210"
"Vicente F.","vicente f","Fernando Vicente","102950"
"Vico U.","vico u","Uros Vico","103716"
"Vik R.","vik r","Robin Vik","103503"
"Viloca J.A.","viloca j a","Juan Albert Viloca Puig","102167"
"Vinciguerra A.","vinciguerra a","Andreas Vinciguerra","103714"
"Vinck C.","vinck c","Christian Vinck","102652"
"Viola M.","viola m","Matteo Viola","104970"
"Viola Mat.","viola mat","Matteo Viola","104970"
"Vlasov D.","vlasov d","Dmitry Vlasov","104034"
"Vliegen K.","vliegen k","Kristof Vliegen","104019"
"Voinea A.","voinea a","Adrian Voinea","102437"
"Volandri F.","volandri f","Filippo Volandri","103835"
"Voltchkov V.","voltchkov v","Vladimir Voltchkov","103166"
"Vovk S.","vovk s","Stanislav Vovk","105720"
"Wachiramanowong K.","wachiramanowong k","Kittipong Wachiramanowong","105579"
"Wagh A.","wagh a","Akash Wagh","105501"
"Walter L.","walter l","Ludovic Walter","104106"
"Wang C.","wang c","Chuhan Wang","105934"
"Wang J.","wang j","Jimmy Wang","104499"
"Wang Y.","wang y","Yu Jr Wang","103817"
"Wang Y. Jr","wang y jr","Yu Jr Wang","103817"
"Wang Y.Jr.","wang y jr","Yu Jr Wang","103817"
"Warburg S.","warburg s","Sam Warburg","104173"
"Ward A.","ward a","Alexander Ward","105528"
"Ward J.","ward j","James Ward","104868"
"Washington M.","washington m","Mashiska Washington","102497"
"Waske A.","waske a","Alexander Waske","102565"
"Wassen R.","wassen r","Rogier Wassen","102836"
"Wawrinka S.","wawrinka s","Stanislas Wawrinka","104527"
"Wawrinka S. ","wawrinka s","Stanislas Wawrinka","104527"
"Weiner G.","weiner g","Glenn Weiner","102785"
"Weintraub A.","weintraub a","Amir Weintraub","104804"
"Weinzierl J.","weinzierl j","Jan Weinzierl","102207"
"Wessels L.","wessels l","Louis Wessels","144923"
"Wessels P.","wessels p","Peter Wessels","103193"
"Westerhof B.","westerhof b","Boy Westerhof","104627"
"Wheaton D.","wheaton d","David Wheaton","101609"
"Whitehouse W.","whitehouse w","Wesley Whitehouse","103339"
"Whittington A.","whittington a","Andrew Whittington","106225"
"Widom T.","widom t","Todd Widom","104167"
"Willems R.","willems r","Reginald Willems","103045"
"Williams R.","williams r","Rhyne Williams","105733"
"Willis M.","willis m","Marcus Willis","105650"
"Willman D.","willman d","Daniel Willman","102557"
"Wilson B.","wilson b","Brian Wilson","104001"
"Wiltschnig H.","wiltschnig h","Herbert Wiltschnig","102687"
"Witt A.","witt a","Alex Witt","102755"
"Witten J.","witten j","Jesse Witten","104070"
"Wolmarans F.","wolmarans f","Fritz Wolmarans","104695"
"Woodbridge T.","woodbridge t","Todd Woodbridge","101889"
"Woodforde M.","woodforde m","Mark Woodforde","101185"
"Woodruff C.","woodruff c","Chris Woodruff","102162"
"Wu D.","wu d","Di Wu","105842"
"Xu J.C.","xu j c","Jun Chao Xu","105220"
"Yang T.H.","yang t h","Tsung Hua Yang","105738"
"Yani M.","yani m","Michael Yani","103676"
"Yim R.","yim r","Robert Yim","104508"
"Ymer E.","ymer e","Elias Ymer","111200"
"Ymer M.","ymer m","Mikael Ymer","144707"
"Yoo D.","yoo d","Daniel Yoo","104612"
"Yoon Y.","yoon y","Yong Il Yoon","102263"
"Young D.","young d","Donald Young","105385"
"Youzhny M.","youzhny m","Mikhail Youzhny","104022"
"Youzhny M. ","youzhny m","Mikhail Youzhny","104022"
"Yu X.Y.","yu x y","Xin Yuan Yu","104501"
"Zabaleta M.","zabaleta m","Mariano Zabaleta","103151"
"Zampieri C.","zampieri c","Caio Zampieri","104738"
"Zayed M. S.","zayed m s","Mousa Shanan Zayed","110476"
"Zayed M.S.","zayed m s","Mousa Shanan Zayed","110476"
"Zeballos H.","zeballos h","Horacio Zeballos","104547"
"Zeballos H. ","zeballos h","Horacio Zeballos","104547"
"Zemlja G.","zemlja g","Grega Zemlja","104813"
"Zeng S.X.","zeng s x","Shao Xuan Zeng","103830"
"Zhang Y.","zhang y","Yu Zhang","102772"
"Zhang Z.","zhang z","Ze Zhang","105585"
"Zhang Ze","zhang ze","Ze Zhang","105585"
"Zhang Zh.","zhang zh","Zhizhen Zhang","111190"
"Zhu B.Q.","zhu b q","Ben Qiang Zhu","103337"
"Ziadi M.","ziadi m","Mehdi Ziadi","104807"
"Zib T.","zib t","Tomas Zib","102720"
"Zimonjic N.","zimonjic n","Nenad Zimonjic","102800"
"Zitko R.","zitko r","Radim Zitko","103290"
"Zlatanovic A.","zlatanovic a","Arsenije Zlatanovic","105440"
"Zopp J.","zopp j","Jurgen Zopp","105132"
"Zovko L.","zovko l","Lovro Zovko","103735"
"Zverev A.","zverev a","Alexander Zverev","100644"
"Zverev M.","zverev m","Mischa Zverev","104999"
